{
 "macerator": {
  "item.itemDustCoal_-49502216": true,
  "item.itemCharcoalDust_-49501069": true,
  "item.itemDustCoal_-1524973112": true,
  "item.itemDustCoal_-1355906326": true,
  "item.itemDustIron_-1519329283": true,
  "item.itemDustIron_-925593416": true,
  "item.itemDustIron_1988887414": true,
  "item.itemDustGold_-1521268860": true,
  "item.itemDustGold_-927532993": true,
  "item.redstone_1138723198": true,
  "item.itemDustSilver_702002035": true,
  "item.itemDustSilver_51519854": true,
  "item.itemDustCopper_-1088347003": true,
  "item.itemDustBronze_-1890926494": true,
  "item.itemDustCopper_-437864822": true,
  "item.itemDustTin_-618832302": true,
  "item.itemDustTin_331846253": true,
  "item.itemNetherrackDust_-85866501": true,
  "item.netherquartz_1623712433": true,
  "item.itemOreUran_-358476226": true,
  "item.itemCharcoalDust_743823622": true,
  "item.blazePowder_-1907842995": true,
  "item.itemGrinPowder_-603330264": true,
  "item.itemGrinPowder_-1837221814": true,
  "item.itemGrinPowder_1853807710": true,
  "item.string_1709888316": true,
  "tile.gravel_180601027": true,
  "tile.sand.default_290824741": true,
  "tile.sand.default_-1879665788": true,
  "tile.sand.red_868120721": true,
  "item.snowball_401593624": true,
  "item.itemDustClay_-135002324": true,
  "item.yellowDust_429922658": true,
  "item.dyePowder.white_-1479393026": true,
  "tile.dirt.default_7359474": true,
  "item.itemCoffeePowder_1988988288": true,
  "item.itemObsidianDust_1897319697": true,
  "item.itemFlour_-1538290412": true,
  "item.itemRawBioFiber_1989187680": true,
  "item.thermalfoundation.material.dustEnderium_292314326": true,
  "item.thermalfoundation.material.dustPlatinum_453260804": true,
  "item.thermalfoundation.material.dustIridium_-1378452448": true,
  "item.thermalfoundation.material.dustMithril_-2075872905": true,
  "item.thermalfoundation.material.dustSignalum_-756765903": true,
  "item.thermalfoundation.material.dustLumium_-337739213": true,
  "item.thermalfoundation.material.dustConstantan_1917796193": true,
  "item.thermalfoundation.material.dustInvar_-654660576": true,
  "item.thermalfoundation.material.dustNickel_1084526279": true,
  "item.thermalfoundation.material.dustAluminum_-2129893006": true,
  "item.thermalfoundation.material.dustLead_-332762564": true,
  "item.thermalfoundation.material.dustAluminum_213225015": true,
  "item.thermalfoundation.material.dustNickel_1735008460": true,
  "item.thermalfoundation.material.dustPlatinum_-1498588471": true,
  "item.thermalfoundation.material.dustIridium_1606625979": true,
  "item.thermalfoundation.material.dustMithril_909205522": true,
  "item.thermalfoundation.material.dustLead_260973303": true,
  "item.thermalfoundation.material.dustSteel_-363330791": true,
  "item.thermalfoundation.material.dustElectrum_1934021306": true,
  "item.thermalfoundation.material.dustSulfur_-2065657857": true,
  "item.appliedenergistics2.material.nether_quartz_dust_-1187224328": true,
  "item.appliedenergistics2.material.certus_quartz_dust_-1686702025": true,
  "item.item_material.powder_lapis_lazuli_49444226": true,
  "item.item_material.powder_soul_-1306646555": true,
  "item.item_material.powder_cobalt_1938818540": true,
  "item.item_material.powder_ardite_251791193": true,
  "item.item_material.powder_cobalt_-1705666575": true,
  "item.item_material.powder_ardite_902273374": true,
  "item.thermalfoundation.material.dustNiter_711191813": true,
  "item.appliedenergistics2.material.ender_dust_667612772": true,
  "item.item_material.powder_soul_-1684431936": true,
  "item.thermalfoundation.material.dustBronze_-56246242": true,
  "item.thermalfoundation.material.dustElectrum_-17827969": true,
  "item.thermalfoundation.material.dustSteel_-1589273484": true,
  "item.thermalfoundation.material.dustInvar_-1880603269": true,
  "item.thermalfoundation.material.dustConstantan_-1203616026": true,
  "item.thermalfoundation.material.dustSignalum_1586352118": true,
  "item.thermalfoundation.material.dustLumium_312742968": true,
  "item.thermalfoundation.material.dustEnderium_-1659534949": true,
  "item.projectred.core.itemResource.electrotine_dust_-1694037871": true
 },
 "extractor": {
  "item.coal_764578481": true,
  "item.dyePowder.blue_749691996": true,
  "item.diamond_1399568853": true,
  "item.emerald_-1524801579": true,
  "item.itemRubber_423644248": true,
  "item.itemRubber_-140850560": true,
  "item.itemRubber_443969768": true,
  "item.netherquartz_1623712433": true,
  "item.flint_880385219": true,
  "item.itemDynamite_-1026852414": true,
  "item.itemCellBioRef_1988938688": true,
  "item.itemCellBioRef_1003098307": true,
  "item.itemCellCoalRef_1988936704": true,
  "item.itemCellHydrant_1879541949": true,
  "ScrapboxUnpacking": true,
  "item.dyePowder.yellow_2028315520": true,
  "item.dyePowder.red_1526347303": true,
  "item.dyePowder.lightBlue_1526348605": true,
  "item.dyePowder.magenta_1526349597": true,
  "item.dyePowder.silver_1526350372": true,
  "item.dyePowder.red_1526351147": true,
  "item.dyePowder.orange_1526352511": true,
  "item.dyePowder.silver_1526353255": true,
  "item.dyePowder.pink_1526354278": true,
  "item.dyePowder.silver_1526355177": true,
  "item.dyePowder.yellow_1192533033": true,
  "item.dyePowder.magenta_1192534056": true,
  "item.dyePowder.red_1192536567": true,
  "item.dyePowder.pink_1192537776": true,
  "item.dyePowder.red_-405206020": true
 },
 "compressor": {
  "tile.sandStone.default_1494879518": true,
  "tile.redSandStone.default_2137708081": true,
  "tile.netherBrick_-248922228": true,
  "tile.ice_-38485878": true,
  "tile.icePacked_-564697894": true,
  "item.blazeRod_853245877": true,
  "item.snowball_1648449263": true,
  "item.itemIngotUran_751381032": true,
  "item.itemPartDCP_-1088339036": true,
  "item.itemFuelPlantCmpr_1989183712": true,
  "item.itemFuelCoalCmpr_1988854120": true,
  "item.itemFuelCoalCmpr_1988859886": true,
  "item.itemCellAir_1003095300": true,
  "item.itemCompressedBioBall_1989187711": true,
  "tile.blockMiningPipe_1781809032": true,
  "item.itemDeadMagnet_1989095424": true,
  "item.itemPartCarbonPlate_1989089472": true,
  "item.itemPartCoalBlock_1989084512": true,
  "item.itemPartIndustrialDiamond_1989086496": true,
  "item.scrapMetalChunk_1989038942": true,
  "item.itemObsidianBlade_1989136096": true,
  "item.itemPartAlloy_1988898264": true,
  "item.itemPartPellet_7915127": true,
  "item.potion_441693419": true,
  "pipeSealant": true
 },
 "massfabricatorAmplifier": {
  "ScrapAmplifier": true,
  "ScrapboxAmplifier": true,
  "ScrapMetalAmplifier": true
 },
 "electrolyzer": {
  "ElectrolyizingWater": true,
  "Magnetizing": true
 },
 "recycler": {
  "compostingFlesh": true,
  "horserArmorRecyclingIron": true,
  "horserArmorRecyclingGold": true,
  "horserArmorRecyclingDiamond": true,
  "minecartRecycling": true,
  "axeReyclingdiamond": true,
  "pickaxeReyclingdiamond": true,
  "shovelReyclingdiamond": true,
  "hoeReyclingdiamond": true,
  "swordReyclingdiamond": true,
  "helmetReyclingdiamond": true,
  "chestplateReyclingdiamond": true,
  "leggingsReyclingdiamond": true,
  "bootsReyclingdiamond": true,
  "axeReyclingiron": true,
  "pickaxeReyclingiron": true,
  "shovelReyclingiron": true,
  "hoeReyclingiron": true,
  "swordReyclingiron": true,
  "helmetReyclingiron": true,
  "chestplateReyclingiron": true,
  "leggingsReyclingiron": true,
  "bootsReyclingiron": true,
  "axeReyclinggold": true,
  "pickaxeReyclinggold": true,
  "shovelReyclinggold": true,
  "hoeReyclinggold": true,
  "swordReyclinggold": true,
  "helmetReyclinggold": true,
  "chestplateReyclinggold": true,
  "leggingsReyclinggold": true,
  "bootsReyclinggold": true,
  "axeScrappingiron": true,
  "pickaxeScrappingiron": true,
  "shovelScrappingiron": true,
  "hoeScrappingiron": true,
  "swordScrappingiron": true,
  "helmetScrappingiron": true,
  "chestplateScrappingiron": true,
  "leggingsScrappingiron": true,
  "bootsScrappingiron": true,
  "axeScrappinggold": true,
  "pickaxeScrappinggold": true,
  "shovelScrappinggold": true,
  "hoeScrappinggold": true,
  "swordScrappinggold": true,
  "helmetScrappinggold": true,
  "chestplateScrappinggold": true,
  "leggingsScrappinggold": true,
  "bootsScrappinggold": true,
  "leatherReworkingBoots": true,
  "leatherReworkingLeggings": true,
  "leatherReworkingChest": true,
  "leatherReworkingHelmet": true,
  "RareEarthRycling": true,
  "ingotRecycling_ingotIron": true,
  "ingotRecycling_ingotGold": true,
  "ingotRecycling_ingotBronze": true,
  "ingotRecycling_ingotCopper": true,
  "ingotRecycling_ingotRefinedIron": true,
  "ingotRecycling_ingotTin": true,
  "ingotRecycling_ingotUranium": true,
  "ingotRecycling_ingotSilver": true,
  "ingotRecycling_ingotEnrichedUranium": true,
  "ingotRecycling_ingotEnderium": true,
  "ingotRecycling_ingotPlatinum": true,
  "ingotRecycling_ingotIridium": true,
  "ingotRecycling_ingotMithril": true,
  "ingotRecycling_ingotSignalum": true,
  "ingotRecycling_ingotLumium": true,
  "ingotRecycling_ingotConstantan": true,
  "ingotRecycling_ingotInvar": true,
  "ingotRecycling_ingotNickel": true,
  "ingotRecycling_ingotBrass": true,
  "ingotRecycling_ingotAluminum": true,
  "ingotRecycling_ingotZinc": true,
  "ingotRecycling_ingotRefinedObsidian": true,
  "ingotRecycling_ingotRefinedGlowstone": true,
  "ingotRecycling_ingotOsmium": true,
  "ingotRecycling_ingotManasteel": true,
  "ingotRecycling_ingotTerrasteel": true,
  "ingotRecycling_ingotElvenElementium": true,
  "ingotRecycling_ingotYellorium": true,
  "ingotRecycling_ingotCyanite": true,
  "ingotRecycling_ingotBlutonium": true,
  "ingotRecycling_ingotLudicrite": true,
  "ingotRecycling_ingotPsi": true,
  "ingotRecycling_ingotIvoryPsi": true,
  "ingotRecycling_ingotEbonyPsi": true,
  "ingotRecycling_ingotElectrumFlux": true,
  "ingotRecycling_ingotTungsten": true,
  "ingotRecycling_ingotTitanium": true,
  "ingotRecycling_ingotChrome": true,
  "ingotRecycling_ingotAdvancedAlloy": true,
  "ingotRecycling_ingotLead": true,
  "ingotRecycling_ingotSteel": true,
  "ingotRecycling_ingotElectrum": true,
  "ingotRecycling_ingotKhnumite": true,
  "ingotRecycling_ingotCobalt": true,
  "ingotRecycling_ingotArdite": true,
  "ingotRecycling_ingotManyullyn": true,
  "ingotRecycling_ingotKnightslime": true,
  "ingotRecycling_ingotPigiron": true,
  "ingotRecycling_ingotAlubrass": true,
  "ingotRecycling_ingotBrickSeared": true,
  "ingotRecycling_ingotSyrmorite": true,
  "ingotRecycling_ingotOctine": true,
  "ingotRecycling_ingotAluminium": true,
  "ingotRecycling_ingotElectricalSteel": true,
  "ingotRecycling_ingotEnergeticAlloy": true,
  "ingotRecycling_ingotVibrantAlloy": true,
  "ingotRecycling_ingotRedstoneAlloy": true,
  "ingotRecycling_ingotConductiveIron": true,
  "ingotRecycling_ingotPulsatingIron": true,
  "ingotRecycling_ingotDarkSteel": true,
  "ingotRecycling_ingotSoularium": true,
  "ingotRecycling_ingotEndSteel": true,
  "ingotRecycling_ingotConstructionAlloy": true,
  "ingotRecycling_ingotBrickNetherGlazed": true,
  "ingotRecycling_ingotCrudeSteel": true,
  "ingotRecycling_ingotCrystallineAlloy": true,
  "ingotRecycling_ingotMelodicAlloy": true,
  "ingotRecycling_ingotStellarAlloy": true,
  "ingotRecycling_ingotCrystallinePinkSlime": true,
  "ingotRecycling_ingotEnergeticSilver": true,
  "ingotRecycling_ingotVividAlloy": true,
  "ingotRecycling_ingotRedAlloy": true,
  "ingotRecycling_ingotElectrotineAlloy": true
 },
 "sawmill": {
  "tile.wood.oak_-867074482": true,
  "tile.wood.spruce_-867073490": true,
  "tile.wood.birch_-867072498": true,
  "tile.wood.jungle_-867071506": true,
  "tile.wood.acacia_570963040": true,
  "tile.wood.big_oak_570964032": true,
  "tile.planks_0.sacred_oak_planks_709402898": true,
  "tile.planks_0.cherry_planks_709403890": true,
  "tile.planks_0.umbran_planks_709404882": true,
  "tile.planks_0.fir_planks_709405874": true,
  "tile.planks_0.ethereal_planks_709432813": true,
  "tile.planks_0.magic_planks_709433805": true,
  "tile.planks_0.mangrove_planks_709434797": true,
  "tile.planks_0.palm_planks_709435789": true,
  "tile.planks_0.redwood_planks_709462728": true,
  "tile.planks_0.willow_planks_709463720": true,
  "tile.planks_0.pine_planks_709464712": true,
  "tile.planks_0.hellbark_planks_709465704": true,
  "tile.planks_0.jacaranda_planks_709492643": true,
  "tile.planks_0.mahogany_planks_709493635": true,
  "tile.planks_0.ebony_planks_709494627": true,
  "tile.planks_0.eucalyptus_planks_709495619": true,
  "tile.atum.palmPlanks_1644568232": true,
  "tile.atum.deadwoodPlanks_1585489130": true,
  "tile.natura.overworld_planks.maple_290548003": true,
  "tile.natura.overworld_planks.silverbell_290548995": true,
  "tile.natura.overworld_planks.amaranth_290549987": true,
  "tile.natura.overworld_planks.tiger_290550979": true,
  "tile.natura.overworld_planks.willow_-167331251": true,
  "tile.natura.overworld_planks.eucalyptus_-167330259": true,
  "tile.natura.overworld_planks.hopseed_-167329267": true,
  "tile.natura.overworld_planks.sakura_-167328275": true,
  "tile.natura.overworld_planks.redwood_-565118628": true,
  "tile.natura.nether_planks.ghostwood_364301411": true,
  "tile.natura.nether_planks.darkwood_364302434": true,
  "tile.natura.nether_planks.fusewood_364303426": true,
  "tile.natura.nether_planks.bloodwood_-561305028": true,
  "tile.natura.nether_planks.bloodwood_-561290613": true,
  "tile.thebetweenlands.weedwood_planks_1106555837": true,
  "tile.thebetweenlands.weedwood_planks_-346820798": true,
  "tile.thebetweenlands.weedwood_planks_-346809266": true,
  "tile.thebetweenlands.rubber_tree_planks_-1952265255": true,
  "tile.thebetweenlands.giant_root_planks_-1592489799": true,
  "tile.thebetweenlands.hearthgrove_planks_-869668181": true,
  "tile.thebetweenlands.hearthgrove_planks_-869664337": true,
  "tile.thebetweenlands.hearthgrove_planks_-869666259": true,
  "tile.thebetweenlands.hearthgrove_planks_-869662415": true,
  "tile.thebetweenlands.nibbletwig_planks_1780988172": true,
  "tile.thebetweenlands.nibbletwig_planks_1780999704": true,
  "tile.erebus.planks_balsam_-321230785": true,
  "tile.erebus.planks_scorched_-342960203": true,
  "tile.erebus.planks_baobab_1854256804": true,
  "tile.erebus.planks_eucalyptus_1461747897": true,
  "tile.erebus.planks_mahogany_139236405": true,
  "tile.erebus.planks_mossbark_1517884698": true,
  "tile.erebus.planks_asper_814367806": true,
  "tile.erebus.planks_cypress_2101417083": true,
  "tile.erebus.planks_rotten_-2003742232": true,
  "tile.erebus.planks_marshwood_1414905251": true,
  "tile.wood.oak_To_Sticks_-1415703904": true,
  "tile.wood.spruce_To_Sticks_-1415702943": true,
  "tile.wood.birch_To_Sticks_-1415701982": true,
  "tile.wood.jungle_To_Sticks_-1415701021": true,
  "tile.wood.acacia_To_Sticks_-1415700060": true,
  "tile.wood.big_oak_To_Sticks_-1415699099": true,
  "tile.planks_0.sacred_oak_planks_To_Sticks_1129086536": true,
  "tile.planks_0.cherry_planks_To_Sticks_1129087497": true,
  "tile.planks_0.umbran_planks_To_Sticks_1129088458": true,
  "tile.planks_0.fir_planks_To_Sticks_1129089419": true,
  "tile.planks_0.ethereal_planks_To_Sticks_1129090380": true,
  "tile.planks_0.magic_planks_To_Sticks_1129091341": true,
  "tile.planks_0.mangrove_planks_To_Sticks_1129092302": true,
  "tile.planks_0.palm_planks_To_Sticks_1129093263": true,
  "tile.planks_0.redwood_planks_To_Sticks_1129094224": true,
  "tile.planks_0.willow_planks_To_Sticks_1129095185": true,
  "tile.planks_0.pine_planks_To_Sticks_1129096146": true,
  "tile.planks_0.hellbark_planks_To_Sticks_1129097107": true,
  "tile.planks_0.jacaranda_planks_To_Sticks_1129098068": true,
  "tile.planks_0.mahogany_planks_To_Sticks_1129099029": true,
  "tile.planks_0.ebony_planks_To_Sticks_1129099990": true,
  "tile.planks_0.eucalyptus_planks_To_Sticks_1129100951": true,
  "tile.atum.palmPlanks_To_Sticks_-522511567": true,
  "tile.atum.deadwoodPlanks_To_Sticks_572268112": true,
  "tile.natura.overworld_planks.maple_To_Sticks_1997435605": true,
  "tile.natura.overworld_planks.silverbell_To_Sticks_1997436566": true,
  "tile.natura.overworld_planks.amaranth_To_Sticks_1997437527": true,
  "tile.natura.overworld_planks.tiger_To_Sticks_1997438488": true,
  "tile.natura.overworld_planks.willow_To_Sticks_1997439449": true,
  "tile.natura.overworld_planks.eucalyptus_To_Sticks_1997440410": true,
  "tile.natura.overworld_planks.hopseed_To_Sticks_1997441371": true,
  "tile.natura.overworld_planks.sakura_To_Sticks_1997442332": true,
  "tile.natura.overworld_planks.redwood_To_Sticks_1997443293": true,
  "tile.natura.nether_planks.ghostwood_To_Sticks_185810799": true,
  "tile.natura.nether_planks.darkwood_To_Sticks_185812721": true,
  "tile.natura.nether_planks.fusewood_To_Sticks_185813682": true,
  "tile.natura.nether_planks.bloodwood_To_Sticks_185811760": true,
  "tile.natura.nether_planks.bloodwood_To_Sticks_185811760_1": true,
  "tile.thebetweenlands.weedwood_planks_To_Sticks_355357919": true,
  "tile.thebetweenlands.weedwood_planks_To_Sticks_355357919_1": true,
  "tile.thebetweenlands.weedwood_planks_To_Sticks_355357919_2": true,
  "tile.thebetweenlands.rubber_tree_planks_To_Sticks_1250403794": true,
  "tile.thebetweenlands.giant_root_planks_To_Sticks_-287951519": true,
  "tile.thebetweenlands.hearthgrove_planks_To_Sticks_2055759606": true,
  "tile.thebetweenlands.hearthgrove_planks_To_Sticks_2055759606_1": true,
  "tile.thebetweenlands.hearthgrove_planks_To_Sticks_2055759606_2": true,
  "tile.thebetweenlands.hearthgrove_planks_To_Sticks_2055759606_3": true,
  "tile.thebetweenlands.nibbletwig_planks_To_Sticks_-914297382": true,
  "tile.thebetweenlands.nibbletwig_planks_To_Sticks_-914297382_1": true,
  "tile.erebus.planks_balsam_To_Sticks_-1279864799": true,
  "tile.erebus.planks_scorched_To_Sticks_-1279859994": true,
  "tile.erebus.planks_baobab_To_Sticks_-1279870565": true,
  "tile.erebus.planks_eucalyptus_To_Sticks_-1279869604": true,
  "tile.erebus.planks_mahogany_To_Sticks_-1279868643": true,
  "tile.erebus.planks_mossbark_To_Sticks_-1279867682": true,
  "tile.erebus.planks_asper_To_Sticks_-1279866721": true,
  "tile.erebus.planks_cypress_To_Sticks_-1279865760": true,
  "tile.erebus.planks_rotten_To_Sticks_-1279861916": true,
  "tile.erebus.planks_marshwood_To_Sticks_-1279860955": true,
  "tile.log.jungle_-1814706450": true,
  "item.melon_-1083706285": true
 }
}